<?xml version="1.0" encoding="UTF-8"?>
<project-private xmlns="http://www.netbeans.org/ns/project-private/1">
    <editor-bookmarks xmlns="http://www.netbeans.org/ns/editor-bookmarks/2" lastBookmarkId="0"/>
    <open-files xmlns="http://www.netbeans.org/ns/projectui-open-files/2">
        <group>
            <file>file:/C:/Users/JesusDavid/Documents/Compilador/BBB/src/Entrega4/TablaProc.java</file>
            <file>file:/C:/Users/JesusDavid/Documents/Compilador/BBB/src/Entrega2/Memoria.java</file>
            <file>file:/C:/Users/JesusDavid/Documents/Compilador/BBB/src/bbb/Compilador.java</file>
            <file>file:/C:/Users/JesusDavid/Documents/Compilador/BBB/src/Entrega2/MemoriaVirual.java</file>
        </group>
    </open-files>
</project-private>
